essay_id_comp,full_text,holistic_essay_score,economically_disadvantaged,ell_status,race_ethnicity,student_disability_status,word_count,llm_score,llm_rationale
5678FA78260F,"Think about the time you felt extremely tired. That time where you could barely keep your eyes open, everything you heard was a blob, because you were simply zoned out. You were feeling tired. For me this time would be sitting in my english class learning about Shakespeare. I felt as if the time were never ending in that class. Students all around me had the same facial expression on them. Facial expressions are a huge key of communication. When you are out in public you see many faces around, and you can easily assume their emotions and what they are feeling. With technology being a huge factor in tody's society, we can now use it to determine someone's emotion. I believe that using technology to read emotional expressions on students could really bring forth value in classrooms.

Students all over the school have different things going on. They show and deplict off different emotions at an instant. Sometimes these emotions make it hard for students to concentrate in class during instructions or new lessons given by the teachers. Referring back to the article, ""Making Mona Lisa Smile"", Nick D'Alto, the writer, writes about a new software called the Facial Action Coding System. The new sytem was developed to determine the accuracy of emotions of people around us. If this software were to be implemented in our school, then this could be an advantage in shaping a better society. The software will help teachers determine the emotions students are feeling at the time of lecture. D'Alto quotes Dr. Huang, of the Beckham Institute for Advanced Science at the University of Illinois, predicting that ""A classroom computer could recognize when a student is becoming confused or bored"". Once recognizing the emotions of the student, Dr. Huang continues predicting that the software can ""Then modify the lesson, like an effective human instructor."" This will help better the student's understanding in a certain subject without feeling sidetracked or confused with the activites of the teacher.

Although many may argue that the use of this software may bring negative impacts, many like the high cost of implementing it to a public school for everyone to use, or what if the software doesn't work? I could reply by stating that students struggle daily in trying to understand a certain subject in school, this leads them to fail classes or simply drop out of high school. Developing this new software will help students understand their lessons in school and stay focused. The software will also help counselors and teachers determine the emotions of their students. Sadly, many high schoolers have committed suicide because people don't understand what they are feeling, implementing this software to schools will help reduce the rate of suicides and drop outs. In paragraph four of the article ""Making Mona Lisa Smile,"" the writer states ""By weighting the different units, the software can even indentify mixed emotions."" This could help people to better understand each other.

In conclusion, technology has greatly impacted our society and future generations. Things all over us are changing, some changes are good and most may even bring forth new ideas, many like this new software. Placing this new software in schools will help keep them out of confusion with their emotions and education. By the use of this software, students will no longer be falling asleep because the software will help the students concentrate better by adjusting to the abilities of the student to learn. The new system will also help decrease the rate of suicide and drop outs in schools. Implementing new technology will only help make our future better. If we have the chance in changing the world and societies for the better, why not start by understanding each other and our emotions?",5,Economically disadvantaged,No,Hispanic/Latino,Not identified as having disability,628,NA,NA
6C8029E04B6B,"I do feel that this would be helpfull in a lot of classes. Not all the students understand the lesson all the time so they just dont do the work, but with this tool in the class room the computer would see that the student is not understanding and will change the lesson so thst eveyone gets it and is on task doing there work.

I dont feel that this should be used for anything else but to read students emotional expressions in class. This is helpful to the teacher aswell because not all the time do they see the ones that are not understanding what is going on because as long as most of the students are getting the esson they don't see the one's who are not. Most students who dont understand the work will not say anything and just sit there and look like they know what is going on but don't. So this will be good for picking them out so that they can get all the help they need. This is also good for when a teacher might feel like noone gets the work because of how the class looks even though they all understand it they just dont look like it the computer would let the teacher know that everyone is fine with the work and understands it.

In conclusion i do feel that this new technology would be good for all schools and that it would be a big help.",3,Economically disadvantaged,No,Black/African American,Identified as having disability,251,NA,NA
1EE7B96B426A,"I will say yes I think is a good idea to use the new technology ""Facial Action Coding System. I think this new technology is great to use so we can find how the sudents are feeling while they are in the school with teachers or friends so thats why I think this new technology is going to be great if we used to see what are the feelings of other people while they are smiling or they using a fake smile in front of other people.

Like in this passage they are trying to make Mona Lisa smile, but I see she was not feeling really happy. What I read in this passage about how they were trying to make Mona Lisa to smile it was a good way to use the new technology. In paragraph 9 they said, ""By the way, did making a happy fave in this experiment also make you feel slightly happy."" another quote they use it was ""According to the Facial Feedback Theory of Emotion. moving your facial muscles not only expresses amotions, but also may even help produce them in a good way.""

Lastly, for these reason the new technology can do a lot for all the people. Because we can see what are they feelings and maybe we can try to help them. Another good reason this quotes can help us is because some of them explain what the ""Facial Action Coding"" is a good way to figure out and it is eassy to used with out hurting people or making them to feel wrong if they are making a fake smile while they are doing the process.

In conclusion what the author said it was Mona Lisa is only 83 percent happy, 9 percent disgusted, 6 percent fearful, and only 2 percent angry.",2,Economically disadvantaged,Yes,Hispanic/Latino,Not identified as having disability,302,NA,NA
ABBBEE1FCCD1,"Modern day technology can identify human emotions. One very strong claim and great example is the 3D computer model. It begins when the computer constructs the model of a human face or painting.

Leonardo da Vinci, a famous artist, painted The Mona Lisa, but new technology computer software can recognize emotion, according to Prof. Thomas Huang, of the Beckham Institute for Advanced Science at the University of Illinois. The 3D computer model can construct all 44 major muscles in the humans body, but it must move like human muscles. The movent of one or more muscles during this process is called an ""action unit"". According to Dr. Huang, ""facial expressions for each emotion are universal"", even though some individuals often show varying degrees of expression.

When using video imagery, the new emotion-recognition software can track facial movements in a real face in a student or painting. Weighing in different units, the software can identify mixed emotions because each experssion is compared against a neutral face. For instance, in person, you can probably tell how someone is feeling simply by the look on his/her face. Scientists and Professors today would go over types of human emotions through the 3D computer model.

The home PC you own can't handle the complex algorithms used to decode Mona Lisa's or any humans smile. The Facial Action Coding System only enables lab computers or computers at a University to identify human emotions. This same technology is used to make computer-animated faces more expressive for video games or video surgery.

In conlusion, modern day technology can identify human emotions through a 3D computer or The Facial Action Coding System. The value of using this technology to read students' emotional expressions is very valuable and can be used to express how someone feels. I'm 100% for the use of this technology becuase this is a one of a kind new age technology.",2,Economically disadvantaged,No,Black/African American,Not identified as having disability,311,NA,NA
5F24E274F61E,"Over many years, technology has become more and more advanced. Some of this technology has become so far that it can now detect human facial expression and determine what emotion they are expressing. This technology is called Facial Action Coding System (FACS) technology, and it enables computers to identify human emotions. This technology can have a positive impact in school classrooms today. FACS can help improve the way students learn in schools, they way teachers teach their students, and most simportantly, help teachers detect when a student is feeling confused.

One of the main positive impacts FACS can have in reading emotional expressions of students in a classroom is improve the way students learn. FACS can scan the facial expressions of the students in the classroom and determined if the majority of the students are confused by the leasson the teacher is teaching. FACS could then modify the lesson in a way that students can understand it and the teacher can then further clarify the lesson the way FACS shows it. As stated in pargraph six, ""Then it could modify the lesson, like an effective human instrctor"", this shows how FACS can help teachers in the way they teach. This could also explain to teachers how to clarify even more the lesson to students that may be going through hard times.

Another way FACS can have a great impact in schools all around the country is by improving the way teachers teach their classrooms. FACS can detect many expressions on students in a classroom. It can detect whether a student is perplexed by lesson or simply just bored. FACS can detect which students in the classroom are bored by analazing their facial expressions. As stated in pargraph six, ""A classroom computer could recognize when a student is becoming confused or bored"". FACS can then provide the teacher many ways in which they can make the lesson more interesting so that students can comprehand it better and in a more fun way.

The last way in which FACS can greatly improve the teaching environment in schools is by recognizing when a student is depressed or sad. FACS can detect facial expressions on students faces and determine if they may be going through trouble or are depressed. As stated on pargraph six, ""Most human communication is nonverbal, including emotional communication"". FACS could recognize when a student is not okay so that teachers can the help those students who may need help, wether that is emotional help or help with school work. FACS could even help save lifes by getting help to students who may be contemplaiting suicide.

In conclusion, the Facial Action Coding System can be extremely valuable to schools all around the world. This computer system can help teachers improve the way they teach their classrooms by analazing students' emotional expressions towards a certain lesson. It can help teachers by modifying their lessons in sich a way so that students are not bored or confused by it. Lastly, it can help teachers know which students may be going through hard times and help those who need help.",5,Economically disadvantaged,No,Hispanic/Latino,Not identified as having disability,526,NA,NA
52019494C425,"The new technology , Facial Action Coding system could be one of the best idea someone could come up with. At the same time ot could be bad for some people base on how they are feeling. Reading somone's emtions could be amazing. It kind of make you feel like you can read mines and people feelings sort of like a sykit. Everything for the technology would be base off people movements, the movements in their muscles. That would be called an action unit. This type of technology can actually help people. When someone is feeling down at school the teacher can help them brightening they day up.

"" The facial expressions for each emotion are universal,"" observes Dr. Huang,"" even though individuals often show varying degrees of expression"" (like not smiling as broadly)."" Basically if the computer can tell if you are feeling some type of way it would just go by the facial movement in the muscle. Sometimes can tell how a friend is feeling simply by the looks on their face. Of course, most of us would have a hard time noticing if a someone is happy, or worried. Some people don't show no emtions. "" Yet Dr. Huang observes that artists suc as da Vinci studied human anatomy to help them paint facial muscles precisely enough to convey specific emotions."" If you don't show no emotions how could someone help you if you are feeling down and you need a shoulder to lean on. You can't be sad or mad , etc. forever.

Just on showing someone what the computer can do can put a smileon someones face."" The Mona Lisa demonstration is really intended to bring a smile to your face, while it shows just how much this computer can do."" Imagine a computer that knows how you feeling and somebody elses feelings. If somebody is feeling down and you don't know that you can help them , like tro to make them happy so they can release the pain, sadness, or anger from their body. You don't want no one to stay mad or something because it can cause it to build up anger."" Most human communication is nonverbal, including emtional communication,"" notes Dr. Huang."" So computers need to understand that, too."" You also can tell if someone is mad by they eyebrows are the way they squint they lips, can tell if you are mad or happy. Most people say if your eyebrows are frowned down you are mad."" But in a false smile, the mouth is stretched sideways using the zygomatic major and a different muscle, the risorius. To an expert, faces don't lie; these muscle clues are sometimes used to spot when a ""smiling"" politician or celebrity isn't being truthful."" The new technology can best one of the best ideas and change the world.",4,Economically disadvantaged,No,Black/African American,Not identified as having disability,471,NA,NA
2AD8252C829F,"This article ""Making Mona Lisa Smile"" by Nick D'Alto revolves around this idea of using a computer to read people's experssion and emotions. It can tell how much precent you are happy, sad, surprise, andger, fear, etc. It can just tell the basic emotions. This type of technology usage is not valuable to read the emotionla expressions of students in a classroom. It's just going to be a waste of money and resouces.

By using this technology in classrooms, it is useless. It can not read in deatail of how the students are actually feelings, it cannot tell in dept of emotions. In paragraph three it states ""Eckman has calssified six basic emotions- happiness, surprise, anger, disgust, fear, and saddness, and then associated each with characteristic movements of the facial muscles"". Here one can see that these computers only reads basic emotions. These basic emotions can be read by humans. We have our fellow humans to be able to tell how we feel, more than a computer.

Begining of paragraph 5 states ""we humans perform this same impressive ""calculations everyday"" and ""you can probably tell how a friend is feeling simply by the look on her face"". I think that techonology has already been a huge part of our lifes and we don't need a computer to read our emotions. I think if we have that in a classroom then it will ruin the interactions between classmates. Iphones, the internet, computers, video games has all been a huge part of society. People are addicted like it is drugs. Addictions to phones has become worse in recent studeis. People take their phones EVERYWHERE, to the bathroom, to bed, to school, to church, to parties, etc. It has become social network online. Kids barley go outside and play anymore, teens don't hang out much; all because of this small device. I think it is not of value to have a computer in a class that reads emotional expression.

While having a technology that read peoples emotional expressions would futher ruin the interactions between humans, It will be very costly to make such devics and put them in every classrooms. It would just be a waste of money and resources. In the article it says ""the process begins when the computer constructs a 3-D computer model of the face; all 44 major muscles in the model must move like human muscles"" it also says ""your home PC can't handle the complex algorithms used to decode Mona Lisa's smile"". The process of this techonology sounds like it will be expensive to build such a high tech decoding. The article also says our PC's is not complex to handle this new techonology. So this new techonology must have complex algoriths to be able to decode a smile. Which will be expensive to make.

I think this type of techonology is not of value to have in a classroom to read students emotional expressions. The technology will ruin interactions between fellow classmats and it will be expensive to put in every classroom. There needs to be more connections between students, a device like that would make connecting with others worse. This type of technology should not be in classrooms.",5,Economically disadvantaged,No,Asian/Pacific Islander,Not identified as having disability,529,NA,NA
A1A778253D39,"This new found technology is outstanding and can do marvellous things, however, it is not needed for students in the classroom.

I feel that it would not be as beneficial to students as the author makes it sound. At some point this technology may be helpful for counselors of schools but it is not for daily classroom use.

I am not saying that this technology is not an innovation. It is a tremendous breakthrough to the world of technology. And it could be beneficial to some professions and aspects of life, like psychology, but it just does not apply to students in the same way. The author says ""A classroom computer could recognize when a student is becoming confused or bored, Then it could modify the lesson, like an effective human instructor"".

This is not true.

The only way that this could be true is if we replaced human teachers with computers, and that, i think, is a huge step in the wrong direction.

Technology is helpful to the world but to much of it may be a problem that is irreversable.

Furthermore, I think that this technology could be very helpful to high school counselors. With the emotional reader the counselors will be able to identify cases of depression or anxiety or other mental disorders found in high school easier.

In the article it states, ""we humans perform this same impressive ""calculation"" every day"". This is referring to the calculating the computer does. It says that we do that to which is true but we are not nearly as precise or efficient. That is why we need this technology or something like it for counselors, to lighten their burdens, but to also ensure that their job gets done.

Finally, I believe that the installation of emotionally sensing computers to every classroom would be a mistake. However, putting them in the hands of counselors would be brilliant. I think that the world should look into this technology more and decide the best uses for it.",4,Economically disadvantaged,No,White,Not identified as having disability,328,NA,NA
B1107C007404,"Professor Thomas Huang, of the Beckman Insitute for Advanced Science at the University of Illinios has been in collaboration with Professor Nicu Sebe form the University of Amsterdam. They have changed how art is looked at and hope to expand into everyday life. They want for for the connection between humans and technology. The use of such technology to read the emotional expressions of students in a classroom may change how the school ciriculum leading to missing lessons, risk of teachers losing thier jobs, and how high the price of such technology is.

If the student does not like the lesson, the computer program may inform the teacher, This may lead to the school board taking out important lessons that will help the student later in life. But, how are they supposed to teach if the student does not like the lesson? If per say, the student finds nothing of the lesson interesting, the student will most likely learn nothing. That leads to the student not being as succesful in the future merely because they not learn the key lessons due to the fact that they thought it was ""boring"". If the computer does end up changing the way the student is taught, then the student will most likely get the idea that in life things will be altered to fit thier ends and desires. When inreality, that is not how life works. The student will be ""sugar-coated"" with all these advantages and have a change in character.

Not only does it put the risk of the student's future at risk but also the jobs of the teachers. If the computer alters the teaching is done then how will they know when to help the student? The computer program will eventually become the teacher putting the teacher out of a job. As if we already do not have high unemployment rates.

In the article, Dr. Huang predicts that ""Then it could motify the lesson, like an effective human instructor.""(Par. 6). Dr. Huang gives off the idea that the teacher will no longer be a human but rather a computer. Sure it may alter the lesson, but if that teacher put a big amount of time into that lesson only for it to be change, then what is the point?

Lastly, the whole cost of installing face-reading technology can come at a big price. Many schools do not have that kind of money in thier funding. I know that my school most definitely does not have the money to supply all the computers and laptops with this type of technology. Not even a students PC at home can ""handle the complex algorithms used to decode Mona Lisa's smile. But we can write down some simple instructions that ""encode"" different emotions.""(Par. 7). So basically not only would the school board spen lots of monety on installing the technology but also buy new computers that can handle such algorithms. Including the student , in order to get taught at thier pace and style would have to spend a lot of money on this technology.

In conclusion, the use of the technology to read emotional expressions of students in the classoms is not valuable due to the risks and failures that come with it. Such technology can have a negative impact on students, teachers, and others.

Also, doing so would invade an individuals privacy.",5,Economically disadvantaged,No,Hispanic/Latino,Not identified as having disability,554,NA,NA
42DC0DED6A11,"We should use this tecnology in kids classroom. In the text it states ""A classroom computer could recognize when a student is becoming confused or bored', DR Huang predicts. Yes if the computers was like that it would make it eazier on teachers and students because not everyone learns at the same pace and if a student is bored it would change its couse to fit the student. Also in the text it states According to the facial feedback theory of emotion, moving your face mucles not only expresses emotions, but also may even help produce them. This means that if your making faces like putting on a fake smile can actually work and make u fell a whole lot beter. This is science and would a fun activitiy for kids. The only downside would be that that is two much time on computers and cell phones which arent good for the kids health but this is a new day and age and its hard to escape technology. To conclude this would be a great experience for kids and it will help all people with expressing their fellings.",2,Economically disadvantaged,No,Black/African American,Not identified as having disability,188,NA,NA
962A28D26D5E,"Over the past years technology has had many different purposes in the world, and now with the help of the softtware ""Facial Action Coding System"" teachers in classrooms will now be able to adress their student's emotions when they act out of the normal. In the article ""Making Mona Lisa Smile"" by Nick D'Alto it shows many examples regarding this topic. Because of the student's lack of expressing their emotions verbally, this computer software must be used to reveal what is happening within their heads.

In order to know what a student's mind wants to be happy and not bored, the teachers must use this software because a person cannot always comprehend facial features. In the aricle it talks about how many emotions showed by making facial expressions are not always comprehendable. According to the author, in paragraph 4 it states ""'The facial expressions for each emotion are universal'"" (D'Alto 4). The term ""universal"" as it is being used in the sentence shows just the magnitude of how much a face can express. If teachers don't use this software, school might just remain boring to students without the teachers knowing.

Even though some people would agree that it is an invasion to privacy to use this in classrooms, the software would be for the good of the lack of communication between the teacher and students. The software would also improve the overall performance of the students during class, since now the teacher would know what to do when the class is bored or happy. In the article it also enhances the facts of nonverbal communication by stating ""'Most human communiction is nonverbal, including emotional communication,' notes Dr. Huang"" (D'Alto 6). If emotions and communications are nonverbal, why not use technology to unravel the thoughts of a student. No teacher would want their students to feel negative feelings towards their classes, so here is an opportunity to make school better for both students and teachers.

Students may have to be provoked so they can show what they are feeling, however; the teachers making their students show emotion will help them be happier while being in the classroom. Students who do not want to be in school must be adressed first so they are better of in the future. This statement is supported by looking in the article where the author states ""According to the Facial Feedback Theory of Emotion, moving your facial muscles not only expresses emotions, butr also may even help produce them"" (D'Alto 9). Teacher making their students ""break a smile"" would aid their bordem into becoming a happier and more positive emotion.

Thus, the use of technology to read the emotional expressions of students in a classroom is positive, because of the help it would provide on the student's perspective of school. Less students would drop out and more students would go to school and learn just because of the enviroment that the computer software helps evoke. This valuable software must not be ignored!",5,Economically disadvantaged,No,Hispanic/Latino,Not identified as having disability,503,NA,NA
5D4E78CE6D5F,"In the article ""Making Mona Lisa Smile,"" the author describes how a new technology called the Facial Action Coding System enables computers to identify human emotions. The article states lots of information on what the machine can do and how it does it. The Facial Action Coding System could be very helpful for not only students, but teachers too.

Everyone that has been to school knows that, not everyhing you learn will be interesting and nor will some of your teachers. By having new teachnology that could change that and make future genarations more involved in their own learning, will be life changing. ""A classroom computer could recognize when a student is becoming confused or bored,"" Dr. Huang predicts.(6) I personaly would like a teacher that knows when I need help or when I know what Im doing. Its even better if they know when we are bored, it could change lots of students mind sets towards public education.

The FACS could help in many ways, one it could be helpful towards actors or just people that want to be more in touch with there emotions. ""According to the Facial Feedback Thoery of Emotion, moving your facial muscles not only expresses emotions, but also may even help produce them."" (9) When you sign up for a class that you have to act in and your grade depends on it, this machine would come real handy. I was in a speech class my first semester of 10th grade. The teacher made us memorize a monolge of a movie character. We had to say word for word while showing emotions, emotions that I had never felt before. With the FACS future students could be better at that class and it can go a long way.

The Facial Action Coding System does help students in the classroom. It would be a whole new genaration of studnets if this machine went out to the schools. When students dont have to wait on real teachers to move on or help them with something they are stuck on, the makeup of theyre brain will totally change for the better. Students will be faster at thinking, solving and much more during school.",4,Economically disadvantaged,No,Hispanic/Latino,Not identified as having disability,362,NA,NA
A950C6EE7BD3,"according to the passage there is somthing call Facial Action Coding Smile . Can this be useful to school's ? Yes the reason why I say yes it's because some studets can understand some thing . And if they can understand it the computer could be able to under stand the assingment well . Also this can help see where is it the student struggles . And it can be a game changer for alot of school .

Some good things about the software are that know's if you force a smile by detecting the muscle in the face. For example if a student gets stuck on a question or the teacher is busy with the another student or if you dont feel like bothering the teacher the software could help . This program can help or notify the teacher if a student is stuggling and with what they each struggle . Because in some schools teachers can't find out what is wrong with some student . This can really become somthing great for the future generations by modfing the lesson for each student . For example if a student doesnt like the subject the program can detect that and make it funner . The reason why is because some students think some teachers teach boring things and with this program it can make the lesson funner .

In conclusion this software could really help out schools . By making students like school because some complaints I hear from some of my friends is that a certan teacher is boring or they can't make the lesson fun . So if the lesson is boring the camara can check the face the individual is making and modify the lesson . This program may also raise a generation of smart students if this where ever to happen . In the end I think this program could also make some teacher smile .",3,Economically disadvantaged,Yes,Hispanic/Latino,Not identified as having disability,318,NA,NA
FF7E2F5C21CC,"In the article ""Making Mona Lisa Smile"" by Nick D'Alto, technology called the Facial Action Coding System enables computers to identify human emotions. The use of this technology should be used in schools to read the emotional expressions of students in a classroom because being able to identify what might be bothering others could be beneficial. Young adults could be facing something serious in their life but may not have the right words to express how they feel. Finding help for those feeling down is difficult. Using this technology could help those in need. This technology can help with identifying if a student is happy or worried, being able to have fun and put a smile on a students face while using this technology, and being able to identify if a student is confused or bored.

The Facial Action Coding System can help with students and their emotions. ""Of course, most students would have trouble actually describing each facial trait that conveys happy, worried, etc."" (5). Not everyone can tell what an individual is feeling. The help of this technology can help those who need it most. It can help detect if a student is happy or worried, but it can also put a smile on someones face.

Using this technology can help put a smile on your face in many ways. ""The Mona Lisa demonstration is really intended to bring a smile to your face."" (6). A lot of technology used today can put a smile on someone's face. Video games, social media, etc. Using the Facial Action Coding System is beneficial in many ways as well. It can help with being productive, getting help for a student who might need it. Technology can help with putting a smile on a students face, but it can also help with identifying if a student is confused or bored.

Technology can help identify if a student is confused or bored and could also help them for later in the future. ""'A classroom computer could recognize when a student is becoming confused or bored,"" Dr. Huang predicts. ""Then it could modify the lesson, like an effective human instructor.'"" (6). Being able to identify a students emotions in a school could possibly help the student with getting better grades, feeling better about themselves, and passing each day with positivity. It can be difficult for a student to explain how they feel to another. The Facial Action Coding System has multiple ways on finding a solution for many problems that students are faced with today. This technology can help detect if a student is confused or bored, if a student is happy or worried, and being able to have fun with this technology.

Today, many students are faced with difficult times. Students have to deal with so much during their schooling years and having difficult emotions to deal with also. The Facial Action Coding System could be very benificial to students and others. It can help with the problems that might hold them back from doing their best in school. This technology could help identify a student who is happy or worried, being able to have fun while using this technology, and being able to identify if a student is confused or bored.",4,Economically disadvantaged,No,White,Identified as having disability,553,NA,NA
548D9A2163BE,"Yes, because with Facial Action Coding System we can find out did someone lie to us or not, we can also find in picture person was happy or not, and we can find person's emotion weather he/she is happy or not.

My first reason Facial Action Coding System we can find out did person front of us lie to us or not. ""To an expert, faces don't lie; these muscle clues are sometimes used to spot when a ""smiling"" politician or celebrity isn't being truthful."" According to me it will be helpful because we can find person in front of us is lie to us or not.

My second reason we can find person in picture is happy or not. In picture Mona Lisa was ""83 percent happy, 9 percent disgusted, 6 percent fearful, and 2 percent angry."" According to me we can express how person is feeling while taking picture.

My third reason we can find person's emotion weather he/she is happy or not. ""The facial expression for each emotion are universal, observes Dr. Huang, even though individuals often show varying degrees of expression (like not smiling as broadly)."" According to me with Facial Action Coding System we can express others feeling if they were not happy we can help them and make them smile.

These are my three main reasons why Facial Action Coding System is helpful in our life.",3,Economically disadvantaged,Yes,Asian/Pacific Islander,Not identified as having disability,228,NA,NA
A0D4D5DD8D7F,"Mona Lisa had paining by Leonardo da Vinci ,who became one of the best art in the world. Mona Lisa have 3 copy on the world, all by Leonardo da Vinci. Mona Lisa had been many people see is but juat all can't tell emotions of her.

At University of Lllinois in America Dr. Huang try to fin d out emotions of her. Dr. Hhuang trmany thing to find out what Mona Lisa emotions, he try to repainted is but but is not really workinng out .Dr. Huang say"" like she not smiling as broadly, is just can't showing no emotion.""

Mona Lisa smile is too hard to tell she happy or sad, Dr. Huang say"" a classroom camputer could recognize when a student is becoming confused or bored"" is just can't tell. and he say ""So computers need to understand that too."" Painting a human you need to know what you doing and what you need t do. Many artst try to repainted Mona Lisa by just can't do it right when they painting her lips and eyes is not show anything.

That is all everything you need to know about Mona Lisa and her smile. Dr Huang say"" whoever thought that making face could reveal somuch about the scince og emotions."" And is one of the painting everybody love to see.",1,Economically disadvantaged,Yes,White,Not identified as having disability,225,NA,NA
3AED5A7D58F8,"What makes this a valueable tool to students? Can this tool be used on cell phones? Can we make this tool worldwide for all schools? what will the outcome of students emotional expressions if this tool is valuable?

What makes this a valuable tool to students? This would actually be wonderful tool in schools everywhere. A student can use this tool for many differnt reason in school. A student could have really big exam, test etc. the student may believe their ready. this would system would detect if the student is really ready or not.

Instead of going to computer lad, waiting on your teacher. A good way to keep this system in route. It should be an app on your celluar device to use this tool. with this being on your cell phone,it makes it easier way for a stuidents that has a friend thats always in differnt moods. With this tool we can detect that friends mood.

What will it take for this tool to make it worldwide? It will half to have many great response. this This tool should be used many other places than schools. It will be awesom for police officers, doctors etc. Once one school has great feedback. It make other school try it out.

The outcome of this system is wonderful. I done used this system over a millions times at school. It has actually worked great at othere school to. Now we have a great way of dectecting someone else emotions.",3,Economically disadvantaged,No,Black/African American,Identified as having disability,246,NA,NA
E04E83CEF5DA,"I think that by reading a person's emotions is not the best way to know if the person is depress or happy. If a person wants to be happy all day let them be , and you can tell by thier face exprestion or by the actions they do through out the day..In paragraph three it's showing us by saying ""

raise your eyebrows when you're suprise ; your orbicularis oris (around your mouth)tighten your lips to show anger"" every person that i know off knows that .Why tell us information that we already know ? I get the person that trying to state there claim is trying to give us evidence and examples. In paragraph four it's telling us that when the software is tracking the persons emotion it shows them how many emotions they feel even if there mixed which agin doesn't make no sence for me because you can totally know or tell just by the person face expressing they do. In the very top off the article of mona lisa's picture you can totally see thats shes happy,ferful. And i only looked at the picture for some secounds which makes no sence of why i'll need a device to tell me how she feels. In paragraph six it's showing us that if your in a classroom confuse a teacher can stop the lesson and tell you which part you don't get . Which is good at some point it's not because what if the teacher stop because of one student and then seconds later or minutes later the person changes to a complety different mood . At the end i think that there's no need for you to know if the person if feeling bad or happy .What if the person is feeling not so good because of family issues? As a person , we wanna just move on and not remind are self of what just happen because it'll make us more disapointed then we already are. I think that less technoloy makes people less crazy and less stressful. The new technoloy is going way to far for this to just makes this up and just imagin something even worst that they made up off.",2,Economically disadvantaged,Yes,Hispanic/Latino,Not identified as having disability,369,NA,NA
C16F3B6AAEC2,"Peoples emotions can be hard to detect most times. Personally, my friends have gotten very good at faking emotions. Detecting how someone really feels in nearly impossible for the human brain. For example, in the article it states that the Mona Lisa is, ""83% happy, 9% disgusted, 6% fearful, and 2% angry."" Being able to detect all of those emotions in just looking or talking to someone just isn't as easy as it seems. Thats why they came up with ""the Facial Action Coding System."" This system has been developed to improve the accuracy in perceiving ones emotions.

Frst, the way this system will work is when the computer constructs a 3-D compter model of a face. The computer will be able to detect the emotion of a person when they see the muscles in their face. To be able to read the emotional expressions of students in a classroom will be very benificiary when it comes to how they feel about the thing the school is teaching them. If we continue to advance in technology like we have, then using the computers for lessons will be able to detect weather the child is interested or not. The article states that, "" A classroom computer could recognize when a student is becomming confused or bored."" That way when a child is confused, for those who are too scared to ask for help, the teacher could be alerted and try their best to help the child or maybe even change lessons.

Secondly, the computer system could also be very helpful in a school because of teenage kids and their problems. If a student is feeling very down, then the computer could detect that and try to get help for them. In the world today there are many kids who suffer from depression and anxiety, sometimes school can be too much for them. Therefore, when doing school work if the computer can detect the sadness or overwhelming confusion causing their anxiety to rise it could help them out a lot. The article states that, ""In the real smile, the zygomatic major lift the corners of your mouth, while a fake smile the mouth is stretched sideways, using zygomatic major and a different muscle, the risorius."" This would help the computer detect kids from being actually happy, or just faking it for everyone else.

Third, the computer system could help with kids who struggle with anger. Maybe school makes them angry, or they struggle with the work. With the school fights in the past, and future, i belive this would help detect how kids feel. The computer could watch what the child proceeds to look up on the internet, while also detecting how the child feels. This way, if a child shows signs of harm to themselves or to others, the computer could inform the school and try to give help to the kid. I believe this would only improve the safety of schools while also offering help to the ones that need it.

Fourth, I believe the computer system could help those of us who tend to get very bored or tired. This way when a child is bored or tired the teacher has a way of fixing the problems, or doing more interesting ideas to help you stay focused. Personally, i tend to get very bored when school comes up to topic, so if my teacher had a way of making it interesting for me that would be awesome! I also tend to get very tired so if my teacher is alerted of a child getting sleepy, we could do exercise or stretches to help wake us up.

This computer system would help school coorporations tremendlously because of all the problems kids go through. I believe that every school computer should have this sytem, because i think the techers could have a chance to keep children interested and awake. This could possibly improve attendance and graduation percetages. Getting a kid engaged and interested can be very difficult but i belive this stystem would help a lot! As the article states, "" Whoever thought that making faces could reveal so much about the science of emotions!"" Truly amazing and helpful!",5,Economically disadvantaged,No,White,Not identified as having disability,693,NA,NA
285D4F815B44,"Mona Lisa was happy 83 percent happy, 9 percent disgust, 6 percent fearful, and 2 percent angry. this show us that somehow computer software can recognize our emotion. at the University of Illinois, working collaboration with prof andd University of Amesterdam are experts at developing better ways for humans and computer to communicate. in the article say ""computer reconginze the subtle facial movements we human use to express how we feel"".

Dr. Huang and Dr. Paul Eckman was working on processing to begins when the computer constructs a 3-D computer modle of the face, Eckman has classified that six basic emotions are happiness, surprise, anger, disgust, fear, and sadness. this is so true because when we have a lot of homework this emotion can relate to us. according to the text "" by the weight the different unite, the software can even identify mixed emotions.

most of us would havetroble actually describing each facial trait that conveys happy, worried. in fact, we humans perform this ame impressive calculation every day. Dr. Huang computer software stores similar antomical imformation as electronic code, perhaps Dr. Huang's emotion algorithms are different sort of "" Da Vinci code.

Imagine a computer also knows that when you're happy or sad. According to the article "" the same technology can amake computer-animated faces more expressive--for video games or video surgery"".

there is one question "" does your expression in the mirror suggest an emotion? yes, emotion instruction for a face that can look happy, sad,,,,etc. They are even indicate the difference between a genuine smile and foreced one. But in a false smile, the mouth is stretched sideways using the zygomatic major and different muscle, the risorius. according to the aricle "" used to spot when a smilling politician or clebrity isn't being truthful.

Facial feedback theory of emotion, moving four facian muscles not only expresses emotion, but also may even help produce them. Constantin Stanislavsky, had his actors carefully reproduce smilling and frowining as a way of creating these emotions on state. according to the article "" Empathy felling may happen because we unconsiously imitate another person's facial expressions"". This is why Dr. Huang and Dr. Eckman was decovery about the emotion.",1,Economically disadvantaged,Yes,Asian/Pacific Islander,Not identified as having disability,362,NA,NA
75DD5C0C5050,"In the article ""Making Mona Lisa Smile"", Is about technology being able to read the emotional expressions of students in a classroom is valuable. And I am arguing that it is valuable. Because it is a better way for humans and computers to communicate better. The computer can tell if you are happy, suprise, anger, disgust, fear, and sadness for example your orbicularis oris around your mouth tightens your lips to show anger. It is also vauluable because it can show your real emotion in a picture too.

So if any student wanted to know how the author was feeling at the time and it could also help them with projects. It also know what ads you want to see like if you smile on a ad that you are watching it will bring up another similar ad. But if you are frowning it will bring up a diffrent ad. Another way it help is that the computer knows when a student is becoming bored or confused, then it could modify the lesson for the students. And it also has good animated faces and more expressive for the video game.

Which could help students in there career if they chose that profession.

It can even indicate a real or fake smile. And if you practice smiling and frowning it helps you create diffrent emotions like empathy feeling someone elses emotional state. But who woulve known a computer can do all of those things.",2,Economically disadvantaged,No,Black/African American,Not identified as having disability,240,NA,NA
4597FB4E692E,"Have you ever been faced with a boring computer assignment? Maybe you have dreaded coming to school or finishing your homework? As technology is advancing and more of the classroom is found through an electronic device, some students may find themselves losing interest in their daily lessons. What if this could be changed by a system that takes your facial expressions into account and accomodates to your mood? Right when the assignment has begun to lose your interest, this system could sense the change and alter the lesson plan to regain your interest. The Facial Action Coding System may be valuable and allow for improvement to be made within classrooms and within students.

Initially, as technology is advancing daily and students find themselves online more often, this system could improve their lessons. Electronics as of now are programmed to teach a student however are unable to sense how the student is feeling or how they are actually doing on their assignment. As the author states in the article, ""most human communication is nonverbal, including emotional communication"" something which computers are unable to detect (para. 6). Not only this, but the author gives an analogy that states ""if you smile when a web ad appears on your screen, a smilar ad might follow"" and explains that in a classroom, similar techniques can be applied to benefit the student (para. 6). Using this program will allow technology to advance and in turn will benefit the student.

By the same token, using this sort of technology in the classroom will keep a student engaged during their lessons. When Dr. Huang describes how this system can engage a student he states, ""[the computer] could recognize when a student is becoming confused or bored"" and further explains that ""[the system] could modify the lesson"" to acomidate to the students needs (para. 6). In a normal classroom, when the teachers method of teaching is confusing students, the teacher should find a different way of teaching to engage students. The author also explains how the system is able to read six different emotions and can ""identify mixed emotions"" to allow the system to see if their methods are benefitting the student (para. 4). This computer system would be valuable when keeping the students engaged.

Finally, this system may change the ways in which many students view school. It is no secret that many students dread coming to school, whether it be from stress, bullying, or simply not understanding the subjects. This system can pick up on a fake emotion, the author explains how it can read a ""fake smile"" and that to them ""faces don't lie"" (para. 8). If this system is able to sense when a student is unhappy or angry, this could be used as an advantage in helping the student. Not only this, but the author explains that ""moving your facial muscles not only expresses emotions, but may even help produce them"" (para. 9). Taking both of these statements into account, and allowing them to be incorporated into the classroom, students may enjoy attending school and learning new things.

Consequently, this system would be valuable to classrooms and would allow for improvement to be made within schools and the students. Overall, it is evident that computers are unable to read emotions and reciprocate to the individual adequately. This system might prove to reengage students in their learning, and improve their moods altogether. If you had the choice to experience in this program within your classroom, what do you thing the outcomes may be?",6,Economically disadvantaged,No,White,Not identified as having disability,586,NA,NA
D17B54620565,"What if you could decect what other people are feeling even when trying to hide it? Well,in the article ""Making Mona Lisa Smile"" it explains how techonology called Facial Action Coding System(FACS) can identify human emotions. They use a computer that structures a 3-D computer model of someones face. There are six basic emotions they look for, happiness, surprise,anger,disgust,fear,and sadness.

To answer the question, yes, the use of this technology would be beneficial in the classroom. Sometimes teachers have a hard time trying to keep students alert and paying attention, with this software, it could make it easier. In paragraph six, Dr. Huang say,"" A classroom computer could recognize when a students is becoming confused or bored, then it could modify the lesson , like and effective human instructor"". Since most human communication is nonverbal , including emotional communication, it could be difficult.

In conclusion, having the new software and using it in the classroom could be very useful to help shape the minds of students. Making dfferent faces and having different attitudes can revel so much about the science of emotions.",2,Economically disadvantaged,No,Two or more races/Other,Not identified as having disability,5013,NA,NA
7DCCED5150F8,"The Facial Action Coding system. It can read almost any face, and tell weither what emotion you have having. You could use this for many diffrent things such as; busting a crimanal, telling if a person around you acully is happy around you, or even if someone is lying to you. But one other important thing this technology can be used for is school.

Lets say you were at school and you were getting bullied or you werent having a good day. You are trying to hide your emotions but your quiet good at it. But the moment you sit down at a computer, it scans your face and it says that you are sad/depressed. The moment the computer reads your face it can alert the teacher and it can tell if the student is enjoying or disliking the class or school in general. Then, when the teacher knows his/her emoiton, he could ask the student why they are feeling this way and if they need to talk. It could make the students feel special and that they dont need to hide there emotions from people and can feel totally comfortable expressing themselves.

Even with that sanificant factor of helping children out with there emotions, there is also some cons about have this system. Facial Action Coding System could almost make the parents a bit worried about there children and be wondering would it could be doing. What if foreigner parties start to hack the system. There could be major problems such as; knowing who you are, having your facial ID, and a chance of getting captured. Some parents are really strict with their children not letting them show there face to a camera just because they are aware of the dangers that could happen.

Another con is that the system could malfunction. Since is sends the information and emotion to teacher/parents the teacher could get worried and ask why this student has this emotion but little do they know that there was wrong information sent. Lets say the student his sitting as his desk and the system scanned his face over a multitude of facial moment and it says your sad, but on the inside you are acually fairly happy. Then the teacher could ask you why he or she is sad, and would try to help him out. But little do they know is that he really happy and something went wrong with the system. It would be pointless, there would be no advantage in having this. It would take time out of your day and there could be a whole ordeal about weither your sad or happy.

But also the Facial Action Coding System could help us find out is is someone has cheated on a test, or is mad at another student. It can prevent many of dangerous thing from happening in the school such as a school shooting for example. If a student was angry 24/7 at school it could aller and worry the teachers that something drastic could happen and a gun could be pulled out. But you can prevent that from happening with the Facial Coding System, you could see that the student is mad all the time and the teachers could reach out and help the student before something drastic happens.

Over all I think it would be a great idea to have a system like this in our schools today because some people are really hurting on the inside, and sometimes us humans can not tell weither if the person is sad, mad, or happy. We could prevent self harm with this! We could stop many of things from happening in our schools today. I think every school should start to incorporate this system into there labtops and computers because it could really help a student out. We could make people the outcasts feel important for once. It would make there day knowing the fact that somone cares about them.

We could help a lot of things we do in school today, it was be a good benefit factor having this system in schools.",5,Economically disadvantaged,No,Two or more races/Other,Not identified as having disability,678,NA,NA
772DDC696B2B,"I think the use of technology to read the emotional expressions of students in a classroom is a good idea. Olny because in paragraph 3 it explains how the computer can recognize the subtle facial movements we humans use to express how we feel. Dr. Paul Eckman has classified six basic emotions and he explains really good how the six basic emotions express how we feel. Dr. Paul Eckman explains it in paragraph 3 he says this

""For example you frontalis pars lateralis muscle (above your eyes) raises your eyebrows when you're surprised"".

Then that's when Dr. Huang comes in at he says ""The facial expressions for each emotion are universal"".

Dr. Huang uses things like video imagery, the emotion-recognition, it tracks the facial movements. It can track the facial movements in a real face or in a painted face of Mona Lisa. Dr. Huang explain that "" by weighting the different units, the software can even identify mixed emotions.""

In paragraph 5 it says that ""Its a fact that humans perform this same impressive calculation every day"". It also says in paragraph 5 that ""you can probably tell how a friend is feeling simply by the look on her face"" and 9/10 times that's ture. When your with a friend and he/she is mad your going to know and ask he/she wht's wrong.

Paragraph 6 says ""A classroom computer could recognize when a student is becoming confused or bored."" That's something I never knew or heard about!

Dr. Huang and other DRs. is stating things I never knew about in this artitcle. The artitcle is well explained.

This is why I said it is a good idea becaue they explained it really good. They had facts and had a good reason for it. I think this artitcle will make you think it's a good idea. So that's why I said this was a good idea.",2,Economically disadvantaged,No,Black/African American,Identified as having disability,312,NA,NA
6615BBF6507D,"People show emotions everyday whethter it's happy, sad, angry, excited, afriad, or confused. Expressions give off hints of the type of mood people are in. If you are frowning then you are angry or sad. If you were to be smiling you would be excited or happy. People love showing expression to a lot of things and we can be able to recognize it just by looking at them.

Sometimes you just can't seem to understand someone's expression. A lot of times you won't be able to understand what is going on with someone. Sometimes the answer is within the person's facial muscles You could try asking if they are okay, but their facial expression might be a truthful answer.

According paragraph 8, ""...these muscle clues are sometimes used to spot when a

""smiling"" polotician or celebrity isn't being truthful"". This quote means that just because someone is smiling doesn't means that it is thier true feelings.

Luckily for everyone around the world it is about to change. Technology is a humongous part of our lives right? Well scientists have created a machine allowing people to know the true emotions of another person. That means that if students and adults are faking a happy smile, this machine will detect the truth. This device is called the Facial Action Coding System (FACS). Just how does this machine works? According to paragraph 3, "" The process begins when the computer constructs a 3-D computer model of the face; all 44 major muscles in the model must move like human muscles"". This means that by using all 44 of the muscles in our face can determine our mood.

Nowadays teens are the main one with emotion issues. We can't tell whether they are angry or not. This machine will be able to tell us how students feel. Typically students are in a mood in which the really don't care about anything. We will eventually be able to tell what's really going on in their minds. Machines like this can change the way we see others and be able tounderstand them more.",2,Not economically disadvantaged,No,Black/African American,Identified as having disability,343,NA,NA
27C093CFB919,"Have you ever been through a tough time? A death in the family, a bad athletic performance in your last sporting event, maybe you and your spouse just ended a lengthy relationship. Hard times, and the feelings that come with them should not be spread out for your peers to see. I disagree with the Facial Action Coding System. Kids and young adults should be able to hide their emotions becuase not everyone deserves to know how they feel.

Everyone has different feelings. Some negative, some posotive. If you are in class and your mom calls informing you that a loved one has been seriously injured and they are in critical condition, the feelings you have at that moment belong to you and only you. If you are in class and the coding system says that you are feeling 90 percent sad and 10 percent fearful, your classmates are ging to attack you with questions that could possibly worsen your mental state.

I understand that the system could increase test scores and grade averages, but the one thing that means the most is your security. Teachers' lives would be much easier due to the fact that they know which students need help and which students are soaking up the lesson well. There is just one problem. People (especially the youth) are insocure. Privacy is very important in this world and I believe the Facial Action Coding System would snatch that away from us.

All in all, there are pros and cons when discussing the coding system. More cons than pros in my opinion. The idea of feelings being released for everyone to see is too risky. If we unleash the beast into schools around the world, things could flip upside down.",3,Not economically disadvantaged,No,White,Not identified as having disability,288,NA,NA
BE8615F85409,"The facial action coding system enables computer to identify human emotions, but is it a good idea to use in a classroom setting? Is the technology even accurate? Not every emotion calculated by the machine is accurate, some people may have a great poker face, also as a human being we want our privacy just like the kids. Using these machines violates the privacy of the students that want to be left alone.

The Facial Action Coding System may not be as accurate as they say it is. In the Mona Lisa, she is 83 percent happy, 9 percent disgusted, 6 percent fear, and 2 percent angry. This might be accurate, but the author tells the reader that technology gave the Mona Lisa its reading are based on, ""some new computer software that can recognize emotions. The software is the latest innovation..."" (paraghraph 1).

This may not be true, what if she is actually 90 percent mad and 10 percent happy. New technology always has it's flaw no matter how many people did the research. The word new needs to be emphasized, because it might be wrong. You also can't base your findings on what the machine says. The article also says that, ""each expression is compared against a nuetral face (showing no emotion)."" (paragraph 4) Every child has a different face, you have to account to many variables when using this technology. Since all children are different, their neutral face is different also, therefore you cannot base a piece of technology on one single face.

In school not every kid wants to be part of something, not all children may want the teachers attention, and not all children want to be happy all the time. Schools need to take account to the kids that might not want to be bothered by the teacher. Some just want to go to school with a blank face and get through the day and get out.

The machines will lack the privacy that kids need. Everyone wants their privacy, and having technology that scan childrens faces isn't exactle private. Schools should be a place where kids can feel safe going. By implementing that technology, you are taking a part of their privacy away, thus the child might not feel safe anymore.

The facial Action Coding System should not be used in a school setting because it is a new technology that may not even be accurate in its reading, and it takes away the privacy of the kids that it is being used on.",4,Not economically disadvantaged,No,Asian/Pacific Islander,Not identified as having disability,417,NA,NA
5ED3D996CEFC,"The old question has finally been answered, ""Was Mona Lisa happy or was she just trying to trick her audience to think that she was."" Now, thanks to technology, we are able to figure out how she actually felt. With hard work and coding computers will be able to tell how people are genuinely feeling. This technology will help in schools, working environments and more, people will be able to tell if someone is feeling upset, depressed, happy, bored or content.

In relation to Mona Lisa, the article explains that she is ""83 percent happy, 9 percent disgusted, 6 percent fearful, and 2 percent angry."" This shows that the computer is advanced enough to identify emotions of a woman from many centries ago. Due to the study of human anatomy the computer is able classify emotions like ""happiness, suprise, anger, disgust, fear and sadness."" With normal identification skills if there was a mix of them people could tell exactly how others felt. For instance if someone got 68% sadness, 22% angry and 10% fear, then people could tell that the person needed help, or was not fine like they said they were. If computers with this technology were in schools teachers would be able to tell if there student were okay. Most students say there okay but with this technology we would be able to perceive if people need help or theorpy. It could change the world by helping prevent less suidcides and self harm or peer pressure and bad decisions. Although it seems this technology could only be in sci-fi movies, the article explains that ""It's all about those muscular action units. They even indicate the difference between a genuine smile and a forced one."" Even so, with human persection we can not read or figure out everything from people by what they say and how they look but with the extra help from technology we can get even closer. Nick D'Alto confirms that ""To an expert, faces don't lie; these muscle clues are sometimes used to spot when a smiling politican or celebrity isn't being truthful."" Yes people have study this for a long time but the computer is just as capable without as much time. The computer reads peoples faces by creating a model and comparing it to the same persons face with no emotion and uses knowledge of the face muscles to determine one's emotions.

However, this technology could also do simple things within a class room like tell if a student is confused or bored or tired. In addition to this information from students schools can find what makes students want to get their education and can get them to enjoy and understand it at the same time. Nick D'Alto claims that ""Dr. Huang predicts. Then it could modiy the lesson, like an effective human instructor."" Accordingly, with teachers and technology working together it could improve schools for students and teachers.

With this technology it could help overall morality and acedimics within classes. It could also help human communication, and get people and computers to work together more than before.",4,Not economically disadvantaged,No,Black/African American,Not identified as having disability,517,NA,NA
A7F8EA8D1E7A,"What is Facial Action Coding system? A Facial Action Coding System is computers that will help identify human emotions. For example say the person is 85 percent happy 7 percent disgusted and 4 percent fearful and 0 percent angry. Some new computer softaware can recognize emotions. I am for the value of using the technology to read students emotional expressions.

The process beigns when the computer constructs a 3 D computer model of the face all 44 major muscles in the model must move helps human muscle. For example your '' frontailis pars lateralis muslce above your eyes raises your eyebrows when you are suprised your orbicaularis oris around your moth shows your lips to show anger.

Onther reason is facial excpressions for each emotion are universal says Dr. Huang. Second using video imagery, the new emotion recognition software tracks these facial movements. Last it bring a smile to your face while its shows just much the computer can do.

This is the reason why i think the FACS is a great idea because it can help kids tell when they are sad or happy. Helps them shows there true feelings. THE END!!!!",2,Not economically disadvantaged,No,White,Identified as having disability,193,NA,NA
DA5E92093978,"In the passage ""Making Mona Lisa Smile"" by Nick D'Alto. I belive that the new technology the Facial Action Coding System is valuable. It could help in schools by helping you not be so bored and confused. Also, it could help you tell how your friends are feeling, even when they are trying to hide their emotions.

This technology could be what schools need to keep their students awake and interacting. In the passage Dr. Huang says "" A classroom computer could recognize when a student is becoming confused or bored"". If a computer could predict when a student was bored or confused and do something to change that it would change the amount of people who actually learn something drastically.

The software can help get rid of unwanted ads that annoy you and bring up the ones you like by something so simple. In the passage it says"" If you smile when a Web ad appears on your screen, a similiar ad might follow. But if you frown, the next ad will be different."" With the new software doing that it would save alot of frustration from having to click the x button on all the ads that you dont care for.

WIth the new technology it i that it is a benefit to our generation. All of the old paintings that we could look at and tell the mood, history teachers would have a field day. I belive that the new technology the Facial Action Coding System is valuable",3,Not economically disadvantaged,No,White,Not identified as having disability,257,NA,NA
0D89C8189022,"Computers can do many things for us. The idea that a computer can read your emotions is amazing, although I do not belive it is true. I will believe it when I see it.

In paragraph 8 it says "" But in a false smile, the mouth is stretched sideways ising the zygomatic major and different muscle, the risorius."" however this may be true for most people; there has to be someone out there in our world of 7 billion that smiles there smiles with their zygomatic muscle or their risorius muscle. Everyone has diffrent emotions and everyone shows them diffrently. The muscles in our face does say a lot about the emotions we are feeling. I do belive to understand ones emotions it has to be very clear someone is sad, with tears, or you know the person well, In paragraph 5 the artical states "" For instance, you can probably tell how a friend is feeling simply by the look on their face.""

In paragraph 3 it brings up ""Eckman has classified six basic emotions- happiness, suprised, anger, disgust, fear, and sadness"" but there are way more than 6 emotions that can be reconized. This is why I believe computures can not read your emotions.",2,Not economically disadvantaged,No,Two or more races/Other,Not identified as having disability,205,NA,NA
81587E82D64B,"i disgress using value of technology to read students emotional expresstion ,in the modern the technology its very prosperity,the social devemplmant well, we can invent something using we life to be the convenience, its also confine the someing. like the article.

and i think the facial actial action coding system maybe good maybe bad.

from the ""makig mona lisa smile"" we can read to 83 percent happy, 9 percent disgusted, 6 percent fearful, and 2 percent angry, that it is we want,i think it is very precise,maybe we can find than more expressions but l think taht not we want ,the famous drawed it syomby the history, i think the author drawing this he never this can have so many emotion, further say the emotional expression to value for person the emotional it is not very good , we dont prohibition this technology just for the student its is not very.

i read to the paragraph 6, i read to the dr. huang say a"" classroom computer could recogize when a student is becoming confused or bored""that good we can using the technology to the good way ,is not demolition the classic,we can using to home pc to convenience,like we can down some simple insttructions that""encode""different emotions,fact its a good idea,they difference between a genuine smile and a forced one,lift the corners of your mouth.

for the 9 say ""we unconsciously imitate another person facil expressions. i greass it.

so i this system have benfitie and bay way just lets we hao to use it",1,Not economically disadvantaged,No,Asian/Pacific Islander,Not identified as having disability,250,NA,NA
F497369C41C2,"We all hide our emotions at one point or another but, what if we had the technology that could detect whatever were feeling despite if were trying to hold them in or not. The Facial Action Coding System or FACS is just that piece of technolgy that is capable of detecting any given emotion. Dr. Huang inventor of this software has even modified it to were it can find out any emotion or emotions all at once. It's been questioned should this kind of technolgy be used in classrooms for students. The Facial Action Coding System is valuable to students in the classroom because, if any student is having troubles on the actvity at hand the Facial Action Coding System could detect that modify the prompt and make it easier for the student to then understand. Second, this software could help you better understand someone and their well-being being able to see exactly what's making them happy and what's making them upset. Third, it's better way for human and computers to ""communicate or interact"".

Anybody couldn't say that they haven't had problems understanding something at any given point in time. Simpily because, everyone can't understand everything right away with no problem/obstacle getting in the way weither it being how the words are phrased or if the vocabulary is too hard to comprehend. FACS could solve this issue right away. As presented in the passage ""Dr. Huang predicts, then it could modify the lesson, like an effective human instructor,"" therefore making it easier for the student or user to understand what is being asked or written. Solving probems much quicker than the instrustor could explaining the information piece by piece.

Understanding emotions when communicating with someone is key. Yet, we might not recognize all that are being distrubed to us. Another great reason for FACS to come into play. As stated in the passage ""you can probably tell how a friend is feeling simply by the look on her face. Of course, most of us would have trouble actually describing each facial trait that conveys happy, worried, etc."" This is all very true we can't comprehend every emotion that's more dull or hidden. So why don't we get a little help at recognizing more emotions. With FACS we can better understand someones true feelings inside and their well-being. This can than lead to possibly help solving some of the persons unsolved issues and other ""troubling thoughts."" Helping them become of the better verison of themselves.

In our generation today technolgy is something that we live and breath. It's important that we become familair with technolgy and being able to use it properly and effectifly. ""Huang and his colleague are experts at developing better ways for human and computers to communicate."" Now isn't this perfect? Huang can help us better understand computers and help computers better understand us. If students will be using computers 24/7 why not have the proper setup for them. If the software gets used in the way it's meant to it can overall have a positive effect towards the situation. After some time the computer can develop how the student or user works and operates and what they can understand and can not. Having a large postitive impact. Greater increasing the student's grades, confidence, and potentional in class. Allowing them to fully understand the content be covered better than they would ever before.

In conculsion, the Facial Action Coding System or FACS is valuable in the students classroom because, it can modify the content of the information to be better understood. Being able to see and recognize more emotions for peers. Lastly it can help the user better ""communicate"" with the computer.",5,Not economically disadvantaged,No,White,Identified as having disability,611,NA,NA
812F57286987,"In this article they are talking about a way calculate our emothins called FACS. Prof. Thomas Huang is the creater of this technology with of course some other people. It is a highly advanced mood ring of sourts but intead of just guessing, it makes a 3D model of you face that allows it to calculate what you feeling. Thomas Huang paired with an psycholgists to determin the different signs of emotion so he would be able to prepare the machine.

This idea could change the way we learn today;we realy on our technology so much today kids now day do the bare minimum to pass. Most of the pappers we do we are googling the awnsers. It is about time we find a way to teach the future gerenation. If we had this kind of technology scanning us and being able to tell when the kids do not uderstand what they are being taught it could possibly boost our learning and help better us for the future. I know from expersience that if I am not aware of what I am being taught I will just look up the awnsers or find someone who already did it.

This may just make us get the upper hand in our nation on learning. As we sit today I really do not know how future generation will ever make it heck I do not know if we will. Yes this way of using FACS is a little creepy and it may be a violtinon of our right but really we have no right till about 21 years of age. So lets get this stuff up and running allow our future generation to learn better and not have to cheat when things get tough. What may also help is if we throw a tutor in there to help when they notice when we dont't understand something.",2,Not economically disadvantaged,No,White,Identified as having disability,311,NA,NA
09566B218BB7,"Using the technology to read students' emotional expressions will benefit the students learning experience and they will like the new way of learning. The student will be more ingaged into the actives because the techology changed it to their liking. In the article it states that ""A classroom computer could recognize when a student is becoming confused or bored, Dr. Huang predicts. Then it could modify thr lesson"". If the computer modifies the lesson and makes the student more ingaged the student wouldn't become bored or uninterested and they will pay more attention. If the technoloy modifies the lesson where the student couldn't become confused and make it more understandable the student wouldn't get upset or want to give up on the lesson. A human instructor can't change the whole lesson because one student is confused or bored but if the technology was placed in schools it'll benefit the students one on one help where it can change the lesson to the students liking or unstanding. The techology will change the way students learn and benfit them in their edcational career.",3,Not economically disadvantaged,No,Black/African American,Identified as having disability,181,NA,NA
3ADC8338A9B8,"The years seem to by flying by, people seem to be growing smarter, and technology seems to be improving rather well. Smart products are becoming more and more popular in some countries, and students in school are using technology often. Psychologists all over the world are studying why students and young adults need a program to help others understand their emotions. Systems like the Facial Action Coding System is showing people why emotions are important in peoples' everyday lives, especially in schools. Helping the students around the world is important, and the facial coding on computers can detect when a student is bored, confused, or worried.

When a student is falling bored in class, it can be hard to tell what is going on. They may not be paying attention and the teacher may not even know what the problem is. The Facial Action Coding System will come in handy; computers will be able to easily detect when a student is falling out of focus. Helping out students pay attention is important to their education, and the facial coding is high programmed algorithms to detect the facial muscles on a student. This program is accurate and quick to decide what the student is feeling in class. The passage, ""Making Mona Lisa Smile,"" mentions when a student is falling bored, the program that recognizes the students face can update to show information that interests the child.

Aside from students falling bored in school, The Facial Action Coding System can come in handy for recognizing students becoming confused also. There are different facial muscles used for confusion, worry, surprise, and happy, so the coding system can help students who become easily confused. Dr. Huang and his colleague Nicu Sebe are working to help computers and humans to communicate, without the confusion. The computer system can update its information to help the students by constructing a 3-D scan of the face, becuase it can be confusing trying to figure out what the student is confused about. This system can then modify its lesson to help the student become less confused, like said in, ""Making Mona Lisa Smile.""

When talking about emotions, worry and surprise go hand in hand. Worry is easily detected by the Facial Action Coding System that Dr. Paul Eckman created. A person's frontalis pars laterlis muscle is above the eyes and falls the category of worry and surprise. When a student appears to be worried, or shocked over a subject, the computer program can adjust and help the teacher figure out what the student is struggling with. A program that does not help a student can be detrimental, that is why the Facial Action Coding System will come in handy to easily detect the students' feelings.

The idea behind the Facial Action Coding System is that a computer scan of a person's face will be used to decide the person's emotion. When someone is angry, their orbicularis oris tightens around the mouth. This muscle will be detected on the Facial Action Coding System, as all the 44 major muscles will be modeled on the program. It is helpful to know when someone is angry or feeling down, and this system is extremely helpful for students.",5,Not economically disadvantaged,No,White,Not identified as having disability,532,NA,NA
F98C8AAA5BE3,"Let's imagine for a second that every student across the country has a computer that could recognize if a student was confused or bored with a lesson. This technology, known as the Facial Action Coding System, could then modify the lesson to either make it less confusing or more interesting to the student. Not only would this benefit students, but it would also benefit teachers, schools, and the overall learning of everyone in the country as well.

First the benefits would start with the students. Lessons would make sense and be engaging for all students. Classes would start to be more enjoyable to attend since everyone would understand the content. Less students would be likely to miss classes with such engaging lessons. The less classes the students miss, the more they understand and learn. Eventually grades and test scores would improve as well, making schoolwork less stressful. In general students would be learning more content in an easier way which would make them happier about school and learning in general.

Teachers would be next in line to benefit from the new technology. A teacher's success is based on the student's success. With the students learning more, doing well on tests, and being happier overall, a lot of the strain put on teachers would get taken away. Teachers are able to relax more and maybe even get paid more from the success of their students. Parents wouldn't have to blame teachers for not giving their children a chance to succeed either. With students and teachers benefiting from the Facial Action Coding System, schools would benefit as well.

Happy students and teachers means happy schools. With grades and tests improving, schools would become well known for making students successful. This means schools could get more funding to make sure they are able to keep everything running smoothly. Schools across the country would be able to make sure all students are being educated to the fullest extent that they can be. The overall learning of this new generation of students would greatly increase the overall learning of the country as well.

In short, everyone would benefit from the Facial Action Coding System. Students would learn more and be happier, teachers would be less stressed, and schools would then be more successful as well. If every student across the country had access to this technology, then the overall learning and happiness of everyone would greatly increase.",4,Not economically disadvantaged,No,White,Not identified as having disability,398,NA,NA
76BB36EE4398,"In the article ""Making Mona Lisa Smile,"" the author introduces a new form of technology, the Facial Action Coding System. The new technology allows computers to identify human emotions. The use of this technology will not be valuable to students in a classroom because it will be expensive, communication skills will be lost, and technology is not always accurate.

As it is now, without this new technology, some schools barely have enough money to buy basic supplies needed to provide a proper education for the students. If the Facial Action Coding System (FACS) is added in the classrooms it will be another expense that is not neccessary. In the passage it says, ""Your home PC cant handle the complex algorithms used to decode Mona Lisas smile."" This statement implys that, in order to use FACS, the school will have to buy not only the software, but also new computers that will support the system. That is a lot of money spent on unneccessary items when it could be spent on the basic supplies that most schools can barely provide now.

In today's world communication skills are bad enough already, with the current technology that students are surrounded by each day. In the passage it states, ""'A classroom computer could recognize when a student is becoming confused or bored,' Dr. Huang predicts. 'Then it could modify the lesson, like an effective human instructor.'"" If the new technology is added into the classrom and, to a point, taking the place of a teacher, communication skills will be further taken away. Teachers teach more than just science, math, or english to the students. Having a teacher in the classroom also teaches students how to communicate properly with adults and how to carry on mature conversations. Taking away that human interaction will have a negative effect on the students.

Technology is not always accurate. If this software makes an appearance in classrooms and students start using it, it could give false information. The pasage states, ""By weighting the different units, the software can even identify mixed emotions (as in da Vincis masterpiece). Each expression is compared against a neutral face (showing no emotion)."" Each person's face is compared to the exact same neutral face, which will not be accurate. Each person has a different neutral face, so in order for the information to be correct, it will need to be compared against each person's neutral face.

There are multiple reasons that the new software will not be beneficial to students in the classroom, however, there are a couple reasons that the technology will be valuable. In the passage it says, ""A classroom computer could recognize when a student is becoming confused or bored, Dr. Huang predicts."" The computers telling the teacher that the student is confused could be beneficial because most students will not tell the teacher if they are confused, which causes them to get bad grades if they do not understand the material. If the teacher knows that the student is confused, they can take actions to make sure that they help them understand. Later in the passage it says, ""Empathy (feeling someone elses emotional state) may happen because we unconsciously imitate another persons facial expressions."" The new technology could help students understand and have empathy, which will be a good thing. Lots of people do not have a lot of empathy in today's world, which is part of the reason why the world is a very cold place. Students having empathy could result in everyone treating each other better, if they can try to understand the things that their peers are feeling.

Overall, FACS will cause people more trouble and headaches than anything. After considering both sides of the argument, it is safe to say that the new technology will not be beneficial to students in the classroom because of the combination of it being expensive, taking away communication skills, and not always being accurate.",5,Not economically disadvantaged,No,White,Not identified as having disability,652,NA,NA
D0575217E6D0,"Technology can be beneficial in several aspects of everyday life, but reading emotions should not be one of them. According to the article, the technology to read human emotions is possible and can be effiecently used to detect how a person is feeling. This technology is certainly impressive but does not seem very beneficial to the average student and can be seen as slightly intrusive. Therefore, this technology would not be valuable in a classroom due to the small amount of benefit that it would provide and its intrusiveness, as students should have a right to keep certain emotions and feelings to themselves.

It seems unnecessary to use this technology when emotions are already fairly easy to identify without the use of a computer. Body language and facial expressions can already easily be analyzed by humans themselves to reveal emotions. To quote the writer of the article, ""In fact, we humans perform this same impressive ""calculation"" every day. For instance, you can probably tell how a friend is feeling simply by the look on her face"" (D'Alto 5). This depicts that technology is not required to identify the basic emotions of a human being and is therefore unnecessary.

If a person is not blatantly showing his emotions with body language and facial expressions, then the person wold likely prefer not to express what he is feeling or thinking. All human beings have a natural right to keep their thoughts and emotions to themselves as they please, and technology that can reveal emotions at their deepest depths can be intrusive. An example of this can be how computers use cookies to track what people are searching on the Internet in order to produce advertisements directed toward the user later on, which often disturbs people and makes them feel uncomfortable. This may be the same situation if computers have access to human emotions. The private feelings of a human should not be exploited by a computer, and therefore trespasses a basic right of humans which allows them to have their own private thoughts and emotions.

The final reason that this technology would not be valuable is because there are little uses for it. Detecting emotions are not really relevant when using a computer. The author of the article states many examples of how this technology can be used on a computer, and the use of using the emotions to determine the type of advertisements would match emotions and what the user is feeling does not seem very important or beneficial. Overall, the implementation of technology into a student's everyday life would not be useful, therefore making it seem pointless rather than valuable.

Therefore, the idea of implementing technology that read emotions would not be valuable in a typical classroom. Despite the consistency of the technology working successful, it would be worthless to bring into everyday lives as people do not need advanced computers to identify other people's emotions. The technology would also be extremely intrusive, as it would exploit the private thoughts and emotions of people that would not want their emotions to be detected and make them feel slightly uncomfortable. Alongside these reasons, there is practically no use for this advanced technology in a typical day of an ordinary student. For these reasons, while the concept of reading emotions may be interesting, there is not much benefit that will come from the use of this technology and therefore implementing it into classrooms would be a prodigious waste of money and effort in order to provide a minimal benefit for students.",5,Not economically disadvantaged,No,White,Identified as having disability,589,NA,NA
412BF43DDEE8,"It sounds insane to even suggest whether or not to impliment a new system of computers taht can identify the emotions of students in a classroom. However, this is not because of the idea of the software but the absurtidy of truly modifying the education system around each individual student at once. It is beyond beneficial to students to impliment this system, it is revolutionary. It may be the first time in all of history that education is able to acomidate every student in the class room and ensure their success. The Facial Action Coding System should be implimented into classrooms to read teh emotional expressions of students in order to ensure their greatest success and the furthur success of the school.

These computers do so much more than read what is on a students face. They are able to determine emotions that maybe the student is not aware of or denies. This can determine what the student really loves and are interested in. This could eliminate unwanted or unessisary classes that prove no benefit to the students future based on their interests. To be able to change the curriculum around every student is to maintain a steady growth of every person into what they truly want and deserve to me. If science is a field of much interest, it would be easily determined by small changes in facial movements. This could allow for students to identify fields to pursue, making it easier and more enjoyable in the classroom. To continue down a path of true passion is more beneficial to everyone in the situation. D'Alto refers to a simular idea, saying that ""if you smile when a Web ad appears on your screen, a similar ad might follow"" (D'Alto 6). Like advertisement, students would be able to follow a steady stream of interest, insuring the best and more satisifying education possible. By being able to elimnate certain subjects or topic that peak no interest, students would find themselves more involved and more passionate about the subject rather than simply turning away from all subjects due to the poor outcome or little interest in one. It is astounding that lack in interest in one subject can turn a student away from school. The Facial Action Coding System would not only help students with their interests, but keep them from turning their backs on school completely.

Although the students are mainly in charge of their education, teaching style is also a large portion of how a student learns or does not. If a student is bored, confused, or uninterested, it could be how they are being taught. How one person learns is not universal. However, ""the facial expressions for each emotion are universal"" (D'Alto 4). If students were able to be placed with teachers who would acomodate them the best based on learning styles in cohesion with teaching styles based on the science behind their facial expressions, grades would be higher and students will have a higher sucess rate. It is not fair to blame a teacher for a students inablity to learn in their environment, however it is the responsiblity of the school to place a student in their space to learn. By being able to determine how a student reacts to certain moments in a class or activities, schools would be able to change their curriculum and place students with teachers who would most benefit. This technology would produce better outcomes for schools, creating a new system of aulmni that are more likely to succeed in their field and therefore more thankful and loving towards their previous school. To blame the student or the teacher for the lack of communication is unfair since ""most human communication is nonverbal, including emotional communication"" (D'Alto 6). To give students and teachers the opportunity to truly open up new possiblities of communication through technology is revolutionary because of the better relationships that would form if all involved are on the same page.

Many may argue that this technology takes away the part of humanity that is working with others who disagree. However, if humanity was able to perfect a system so that everyone was happier, would anyone truly disagree? Once out of school, if students were able to immediatly pursue a career in their interest and work with people who share this, they are again being placed in an environment best suited for them. This technology could not only eliminate unessisary classes or subjects but stress. If everyone was in pursuit of their passions, living their best lives, would anyone feel the need to aggresively brual or disaggree? This technology may not completely eradicate disaggrences, but it may eliminate unessisary arguments or issues. The Facial Action Coding System enables students to live and learn to their full potential while also benefitting teachers and schools. By enabling students to take charge of their education, success rates will reach unthinkable numbers.",6,Not economically disadvantaged,No,White,Not identified as having disability,814,NA,NA
88776F4CE3D1,"Sometimes classrooms can be very confusing to both teachers and students. With new computer software that can recognize emotions, the classroom environment can be greatly improved. The computer is able to detect a variety of different emotions from surprise and sadness. This advanced technology can help with students who are afraid of asking a question they think is dumb, students who don't care enough to ask questions, teachers detecting if a student is lying and exercises that have students fake emotions until they become real. The use of this technology would change students' and teachers' school experience.

A quote by Prof. Thomas Huang says, ""a classroom computer could recognize when a student is becoming confused or bored. Then it could modify the lesson, like an effective human instructor."" With the Facial Action Coding System, computers would be very useful in the classroom because many students are to afraid to ask questions, or they just don't care enough to ask questions. With thid new software computers can detect when a student isn't understanding the concept, bored of the lesson or completely zoned out. The teacher can also be aware of the class weaknesses and strengths. Knowing this feedback would create a better learning environment for the student and teacher.

Going along with the idea of technology that reads your emotions, according to the Facial Feedback Theory of Emotion, moving your facial muscles not only expresses emotions, but also may even produce them. This exercise can be significant in the classroom by having the students fake emotions until the emotions become genuine. If students simply do smiling exercises before a test it could possibly relieve potential nerves, resulting in better test scores. This exercise could also be used when they are being taught a lesson. The student could practice a serious face multiple times until they feel serious enough to focus on the lesson. Advanced computers can read these emotions and detect whether these exercises were beneficial.

""To an expert, faces don't lie; these muscle clues are sometimes used to spot when a ""smiling"" politician or celebrity isn't being truthful."" - Since this statement can be used during scenarios including politicians, it can be applied to everyday situations like students in a classroom. Things like cheating on tests, plagiarism and lying about getting work done in time are all common practices done by many students. With the use of the advanced technology, teachers can detect whenever either of those happen, thus bettering the student in the long run. This can also result in students never doing these things again because they know they will get caught.

All of these claims are evidence that advanced technology would be very valuable in a classroom setting. If every school had these computers, the teachers' and students' learning environment would immensely improve. From knowing if a student is lying or not to teachers being able to better their lesson plans, this technology can do it all. Every schools' test scores would go up. Although this software is way beyond our time and a little too much to ask for, it would make school a better place.",5,Not economically disadvantaged,No,Asian/Pacific Islander,Not identified as having disability,520,NA,NA
51CCAD86D2F2,"I think that FACS is very useful technology, that could benefit classrooms everywhere. It, as the article talks about, can help students if there getting lost or bored. By just adjusting it's teaching algorythms to better help the student.

During everyday life, we look at others faces and can most of the time see how they are feeling. If your friend has a frown on their face, then you can try and use comforting tactics and try to help them in anyway. And you use these tactics because you know what they are feeling. And FACS can do the same thing!

If a student is having trouble in school and there learning style might be different. The FACS can adapt to that students learning style or mood. And help them better than just mindlessly teaching them, and not changing anything thats going on.

FACS can be extremely useful in schools all over the world. And can make students and their learning enviroments more flexible and effective. Which in turn with help a gargantuan amount in them having a succeful career. Because students should come first, they are the worlds future. And anything we can do to assist them or better their education, should be done.",3,Not economically disadvantaged,No,White,Not identified as having disability,203,NA,NA
B2E85935CE19,"In the article ""Making Mona Lisa Smile"" we are talking about how Professor Thomas Huang just came out with the Facial Action Coding System. It is supposed to be able to detect exactly how other people are feeling. Even if they are trying to hide their emotions it can still know how people are feeling. It is the latest innovation at the Beckman Institute for Advanced Science at the University of

Illinois. He was working in collaboration with Professor Nicu Seve of the University of Amsterdam.

I am all for the value of using this technology to read students' emotional expressions. All it does is beginnig with the computer construction a 3-D computer model of the face. All 44 major muscles in the model must move like human muscles. Then Dr. Huang relies on the work of psychologists, such as Dr. Paul Eckman, who is the creator of the Facial Action Coding System. He has classified six basic emotions. Happiness, surprise, anger, disgust, fear, and sadness. He then associated each with characteristic movements of the facial muscles. When you raise your eyebrows you are surprised and when you tighten your lips you show anger. This will really help us show how different people are feeling. If they are doing something for school such as a lesson on a computer and the way it is being done is making them bored or tired then it will be able to tell us and it can change the way the lesson is being taught so that they will become more interested. If you raise your lips to the corners of your mouth, then squint your eyes slightly to produce wrinkling at the corners of your eyes, holding that raise the outer parts of your cheeks up toward your eyes. The emotion that you are doing is that your face looks happy. If we have this then we will be able to feel someone else's emotioinal state because wer unconsciously imitate another person's facial expressions.

In conclusion Dr. Huang made the Facial Action Coding System. It can help us tell how others are feeling and tell if they are trying to hide their emotions. It can help us when we get bored when we are on our computers doing things for school. It can help make things more interesting so that we don't fall asleep or stop doing what we need to do. It can also help us feel someone else's emotional state because we unconscioiusly imitate another person's facial expressions.",2,Not economically disadvantaged,NA,White,Not identified as having disability,414,NA,NA
9655269C8247,"No one wants to wach ads but wouldnt they be more intresting if there was a way they could relate to us more. In the article ¨Making Mona Lisa Smile¨by Nick D´Alto he talks about a way that a coding system can read our emoitions.

In the text they talk about a program called Facial Action Coding System that will use our emotions to make our experience with technology better.

The technology to read the emotional expressions of students in a classroom is valiable because ads can be more personal, it can help keep students more intrested, and can make animated faces more expressive.

Ads are an example on how the Facial Action Coding System can be valuable. In the text it states ¨For example, if yoy smile when a Web ad appears on your screen, a similar ad might follow. But if you frown, the next ad will be dirffent.¨ (D´Alto).

So if a student is doing somthing on a computer and an ad pops up for a math game and he dosnt like it the next ad could change to a math game that he does help.

The ads coud help the student find a game that can help him learn. Ads and keeping the student mare intrested are ways the Facial Action Coding System is valuble.

Keeping the students intrested is also another way the Facial Action Coding System can be benifical to a student. In the text it says ¨A classroom computer coud recognize when a student is becoming confused¨ (Dr. Huange).

If it could reconize that then it could modifiy the lession.

The lession would be better for a student and also it would be like having a teacher right next to you teaching you in the way you learn best.

Keeping the students intrested is anothe way the Facial Action Coding System can be valiuble but there is one more example.

The Facial Action Coding System can make animated faces more expressive.

The author states ¨ The same technology can make computer-animated faces more expressive¨ (D´Alto).

When taking an online corse if a animated faces could be more expressive it would make the student more involved.

Also it could make the student feel like they have some one to help right next to them.

This is how making animated faces more expressive can help students in a classroom.

This is how ads can be more personal, it can help keep students more intrested, and can make animated faces more expressive help support the claim that the use of emotinal reading technology can be valuable for a student.

By making things more personal.

Also by keeping the student intrested so they dont get side tracked. Finaly by keeping the student happy.

Wouldent you want a more presnal expericence when learning to help keep you intrested and more involved?",4,Not economically disadvantaged,No,White,Identified as having disability,459,NA,NA
BC8A28D95F08,"The new technology called the Facial Action Coding System is very valuable. This new technology will be very useful in a classroom full of students that one teacher may not be able to handle all on their own. The Facial Action Coding System will help deal with many problems by reading a students face. This may help deal with situations a teacher can not figure out on their own. This software may be able to tell the teacher when the student is confused, upset, or even when the student is bored and needs a more interactive subject or way of learning.

When a student is confused, they may not ask for help to a teacher. The child may be too shy or nervous to ask for a simple example or explanation. This software program will be helpful because it will be able to read the students confused face and tell a teacher that the student needs help. In the short story in paragraph six it states, ""most communication is nonverbal, including emotional communication."" This explains how not all people will use words to explain what they are feeling. These students may never speak up for themselves or have the courage to ask a question without the program being here to help deal with the childs needs.

The Facial Action Coding System will not only help with students life in the classroom, but it may also help with a students feelings deeper within. The software will be able to pick out the students who are very upset, and need to talk about their emotions to another person. If a student has a sad face in class, the program may be able to identify what is wrong with the child, and it could notify this information to a teacher or a well trusted adult. In paragraph five of this story it states, ""most of us would have trouble actually describing each facial trait that conveys happy, worried, etc."" By having this computer software, it could help out with a students mental emotional feelings as well.

This program will also be very helpful in providing a fun learning environment for the students. In the middle of paragraph six it explains how a classroom computer could recognize when a student is becoming bored. It also states that if you smile when a website advertisement pops up on the computer screen it will show more advertisements like that one. If a person frowns when this pops up, it willl show a different, more appealing advertisement. This can be very useful in a classroom. It may make the students more interested in learning. The students might even be more excited to learn now, because the computer will know that the students happy facial experssions mean they are enjoying the type of way the program is teaching them.

The new Facial Action Coding System will be extremeley helpful in a classroom. The students will have a more positive learning environment with this software. The new technology will not only be able to help with a students mental emotions, but it will help them be in a happier state of learning. This new system be more helpful for the students and for the teachers. The Facial Action Coding System is exactly what a school should be using for a overall better work place.",5,Not economically disadvantaged,No,White,Not identified as having disability,551,NA,NA
072BF1F05F66,"According to the article ""Making Mona Lisa Smile,"" there is a new technology called the Facial Action Coding System (FACS) that enables computers to identify human emotions. This technology is relatively brand new. It creates a 3-D computer model of all fourty-four major muscles in the face that move like human muscles as well. Then, psychologists have classified six basic emotions that are associated with different movements in the facial mucles. This new technology could result in many benefits in our community as well as all around the world. The use of the Facial Action Coding System to read the emotional expressions of students in a classroom is valuable because it would allow teachers to know when students become confused, are being dishonest, or are depressed and possibly having problems at home.

In the classroom, it is common for students to tend to get confused while being taught a lesson. It is also common for students to get bored and become uninterested in the lesson at hand. With the Facial Action Coding System, teachers can make sure that their students are acquiring the best education possible and absorbing all of the material. Teachers can adapt their teaching style according to how students respond to the lesson being taught. This way, both the students and teachers can be on the same page, making education easier for students and teachers. The article states,""'A classroom computer could recognize when a student is becoming confused or bored,' Dr. Huang predicts. 'Then it could modify the lesson, like an effective human instructor,'"" (D'Alto). In this quote, Dr. Huang is telling the reader how this new technology could possibly develop into something much bigger where it can modify the lesson for students who become bored or confused, making it an easier and better experience for the student.

School behavior is a big part of a students education. If a student is constantly acting out and misbehaving it could affect his or her education pretty badly. Although, that is why Facial Action Coding Systems could also be very useful in a classroom environment. The technology could be able to detect if a student is being dishonest, which could prove very handy when dealing with situations with delinquents and trouble-makers. In the excerpt, the author writes, ""To an expert, faces don't lie; these muscle clues are sometimes used to spot when a ""smiling politician or celebrity isn't being truthful,"" (D'Alto). In this quote, the author tells the reader about some facial muscle clues that allow experts to tell if a famous figure is being dishonest. These are some of the same facial clues the FACS looks for.

Finally, The FACS could help find if students are depressed or having problems at home. The machine can detect six different emotions, including sadness. This could prove useful when dealing with distressed students. ""Eckman has classified six basic emotions-happiness, surprise, anger, disgust, fear, and sadness-and then associated each with characteristic movements of the facial muscles"" (D'Alto). This quotes tells the reader about the emotions the machine can read.

The use of the FACS to read the emotional",5,Not economically disadvantaged,No,White,Not identified as having disability,513,NA,NA
C6C49435744E,"The idea of useing technology to read students emotions can have two different sides to it.

People can like or hate this subjuect because it could cause alot of problems for that student ifthat student dose want to talk to the school oficals about something thats going on with them then studensts shouldnt have to talk to school aoficlas about their personal problems.

The other way this could go is that useing this machine or whatever it could be to read students emotions could be a way to try to stop the student suicides.

The ways that this argument would go could have many many problems even getting into the school.

The way that the school would have to use this if the students would not want to talk would be an evation of privacy which is against school reguations and is against the law.

In order to get this into the schoolsthey would have to get this past through not only the board of dirctors but through hte court to because of the way that they would have to use this machine they would have to have it pasted through the court system and have them say that thaey agree to allow this to happen and alow them to invade peoples privacy in hope of helping them with what is going on in their presonal life that they are having trouble with.

The other way that this argument could go is that the way that the machine could help is that it would give the people that dont want to ask for help or are scared to ask for it a chance to be helped and a chance to be saved form whatever they would try to do to themselves.

This machine could help stop bulling this machine could also stop alot of the student suicides that happen every year because students are afriad to speak up and they dont think that doing so could ever help them.

The different sides of this argument have very imortant details.

The way that is could hurt or help students is something that really should be looked at.

If it helps more than it hurts it should be looked into because that could mean alot of saved lifes.",2,Not economically disadvantaged,No,White,Not identified as having disability,369,NA,NA
AA3B0AF13AA2,"I kinda do agree with this problem. Tech can tell whats everyone mood is at at the moment and i also agree on you can read on people faces if they are upset or something. Tech tells you how to handle your problem and tell you what you should do. but, face emotions can speak louder than words and thats true. also wehn people take pics of each other, that show it all as well. there are many ways that your emotions can be shown not just by phone and other Tech. People try to lie about there emotions and sometimes, that can lead to life risks. If that person really sad then and always upset, then that person might think something that you dont want to see. over the years, people is scared to tell other people what they think or what they should do. Some people dont relized that other poeple can help that person that is going through something that they should be going through. everyone shounld think about the bad stuff and always should think about the good things. now that being said, computers can read other people emotions and i believe it should give them tips to forget about whats going on.",1,Not economically disadvantaged,No,Black/African American,Identified as having disability,208,NA,NA
644022C0BEDE,"Dr. haung and his colleagues are creators of the FACS (Facial Action Coding System). They are from the University of Illinois. The FACS is a system that can detect different emotions from a persons facial expressions. This system is on a computer and it can identify if a person is happy or sad and many other emotions. The way the system can tell is by indentify the different muscles used for each facial expression.

This idea is very interesting to me. I find that the system has positives and negatives. Also there is nothing out in the world right now like it. I think that the FACS could be very helpful in some ways. The system can work in schools which would help the teachers know who is needing help and who isnt understanding the subject. It can also show what students might be feeling like that day and if a person should be trying to make their day better.

The sytsem can also help others know when someone could be depressed. Then the person could get the help they need right way and get it before it is to late. I also think this could help with bullying because other students will know if that person is relating to them or not. The students would maybe understanding one another more by knowing that they arent the only ones that are feeling the way they do.

The system also doesnt let people hide their emotions. This could be a good thing and a bad thing. Some people dont like to show their emotions and dont trust people enough to tell them what is going on. This system could be forcing people to say whats on their mind and they might not want anyone to know. On the other hand it might be good for them to get those feelings out and find help or have someone to talk to.

The FACS is still being worked on. It is a great and unique idea that has more positives that negatives. It would be very successful for many schools all over the country. The Faical Action Coding System in my opionion is going to help kids or teenagers more than adults. Overall i think this would be a good idea for schools to have.",3,Not economically disadvantaged,No,White,Not identified as having disability,378,NA,NA
